-- Seed Government Offices

-- NADRA Offices in Major Cities
INSERT INTO offices (name, type, department, address, city, province, latitude, longitude, phone, timings, services_offered) VALUES

-- Karachi NADRA Offices
('NADRA Office Saddar', 'nadra', 'NADRA', 'Plot No. 1-C, Block-7, Kehkashan, Clifton, Karachi', 'Karachi', 'Sindh', 24.8138, 67.0299, '021-111-786-100', '{"monday": "8:00 AM - 4:00 PM", "tuesday": "8:00 AM - 4:00 PM", "wednesday": "8:00 AM - 4:00 PM", "thursday": "8:00 AM - 4:00 PM", "friday": "8:00 AM - 12:00 PM", "saturday": "Closed", "sunday": "Closed"}'::jsonb, null),
('NADRA Office Gulshan-e-Iqbal', 'nadra', 'NADRA', 'Block 13-D, Gulshan-e-Iqbal, Karachi', 'Karachi', 'Sindh', 24.9207, 67.0820, '021-111-786-100', '{"monday": "8:00 AM - 4:00 PM", "tuesday": "8:00 AM - 4:00 PM", "wednesday": "8:00 AM - 4:00 PM", "thursday": "8:00 AM - 4:00 PM", "friday": "8:00 AM - 12:00 PM", "saturday": "Closed", "sunday": "Closed"}'::jsonb, null),
('NADRA Office North Nazimabad', 'nadra', 'NADRA', 'Block L, North Nazimabad, Karachi', 'Karachi', 'Sindh', 24.9330, 67.0370, '021-111-786-100', '{"monday": "8:00 AM - 4:00 PM", "tuesday": "8:00 AM - 4:00 PM", "wednesday": "8:00 AM - 4:00 PM", "thursday": "8:00 AM - 4:00 PM", "friday": "8:00 AM - 12:00 PM", "saturday": "Closed", "sunday": "Closed"}'::jsonb, null),
('NADRA Office Korangi', 'nadra', 'NADRA', 'Korangi Crossing, Karachi', 'Karachi', 'Sindh', 24.8260, 67.1090, '021-111-786-100', '{"monday": "8:00 AM - 4:00 PM", "tuesday": "8:00 AM - 4:00 PM", "wednesday": "8:00 AM - 4:00 PM", "thursday": "8:00 AM - 4:00 PM", "friday": "8:00 AM - 12:00 PM", "saturday": "Closed", "sunday": "Closed"}'::jsonb, null),
('NADRA Mega Center Karachi', 'nadra', 'NADRA', 'Shahrah-e-Faisal, near Drigh Road, Karachi', 'Karachi', 'Sindh', 24.8897, 67.0631, '021-111-786-100', '{"monday": "8:00 AM - 8:00 PM", "tuesday": "8:00 AM - 8:00 PM", "wednesday": "8:00 AM - 8:00 PM", "thursday": "8:00 AM - 8:00 PM", "friday": "8:00 AM - 8:00 PM", "saturday": "8:00 AM - 4:00 PM", "sunday": "Closed"}'::jsonb, null),

-- Lahore NADRA Offices
('NADRA Office Allama Iqbal Town', 'nadra', 'NADRA', 'Main Boulevard, Allama Iqbal Town, Lahore', 'Lahore', 'Punjab', 31.5076, 74.3052, '042-111-786-100', '{"monday": "8:00 AM - 4:00 PM", "tuesday": "8:00 AM - 4:00 PM", "wednesday": "8:00 AM - 4:00 PM", "thursday": "8:00 AM - 4:00 PM", "friday": "8:00 AM - 12:00 PM", "saturday": "Closed", "sunday": "Closed"}'::jsonb, null),
('NADRA Office Johar Town', 'nadra', 'NADRA', 'Block H-2, Johar Town, Lahore', 'Lahore', 'Punjab', 31.4697, 74.2728, '042-111-786-100', '{"monday": "8:00 AM - 4:00 PM", "tuesday": "8:00 AM - 4:00 PM", "wednesday": "8:00 AM - 4:00 PM", "thursday": "8:00 AM - 4:00 PM", "friday": "8:00 AM - 12:00 PM", "saturday": "Closed", "sunday": "Closed"}'::jsonb, null),
('NADRA Office Model Town', 'nadra', 'NADRA', 'Block B, Model Town, Lahore', 'Lahore', 'Punjab', 31.4827, 74.3250, '042-111-786-100', '{"monday": "8:00 AM - 4:00 PM", "tuesday": "8:00 AM - 4:00 PM", "wednesday": "8:00 AM - 4:00 PM", "thursday": "8:00 AM - 4:00 PM", "friday": "8:00 AM - 12:00 PM", "saturday": "Closed", "sunday": "Closed"}'::jsonb, null),
('NADRA Mega Center Lahore', 'nadra', 'NADRA', 'Ferozepur Road, near Kalma Chowk, Lahore', 'Lahore', 'Punjab', 31.5030, 74.3350, '042-111-786-100', '{"monday": "8:00 AM - 8:00 PM", "tuesday": "8:00 AM - 8:00 PM", "wednesday": "8:00 AM - 8:00 PM", "thursday": "8:00 AM - 8:00 PM", "friday": "8:00 AM - 8:00 PM", "saturday": "8:00 AM - 4:00 PM", "sunday": "Closed"}'::jsonb, null),

-- Islamabad NADRA Offices
('NADRA Headquarters Islamabad', 'nadra', 'NADRA', 'State Life Building, Blue Area, Islamabad', 'Islamabad', 'Islamabad', 33.7181, 73.0776, '051-111-786-100', '{"monday": "8:00 AM - 4:00 PM", "tuesday": "8:00 AM - 4:00 PM", "wednesday": "8:00 AM - 4:00 PM", "thursday": "8:00 AM - 4:00 PM", "friday": "8:00 AM - 12:00 PM", "saturday": "Closed", "sunday": "Closed"}'::jsonb, null),
('NADRA Office G-10', 'nadra', 'NADRA', 'Markaz G-10, Islamabad', 'Islamabad', 'Islamabad', 33.6844, 73.0479, '051-111-786-100', '{"monday": "8:00 AM - 4:00 PM", "tuesday": "8:00 AM - 4:00 PM", "wednesday": "8:00 AM - 4:00 PM", "thursday": "8:00 AM - 4:00 PM", "friday": "8:00 AM - 12:00 PM", "saturday": "Closed", "sunday": "Closed"}'::jsonb, null),
('NADRA Office F-8', 'nadra', 'NADRA', 'Markaz F-8, Islamabad', 'Islamabad', 'Islamabad', 33.7071, 73.0497, '051-111-786-100', '{"monday": "8:00 AM - 4:00 PM", "tuesday": "8:00 AM - 4:00 PM", "wednesday": "8:00 AM - 4:00 PM", "thursday": "8:00 AM - 4:00 PM", "friday": "8:00 AM - 12:00 PM", "saturday": "Closed", "sunday": "Closed"}'::jsonb, null),

-- Rawalpindi NADRA Offices
('NADRA Office Saddar Rawalpindi', 'nadra', 'NADRA', 'Committee Chowk, Saddar, Rawalpindi', 'Rawalpindi', 'Punjab', 33.5979, 73.0478, '051-111-786-100', '{"monday": "8:00 AM - 4:00 PM", "tuesday": "8:00 AM - 4:00 PM", "wednesday": "8:00 AM - 4:00 PM", "thursday": "8:00 AM - 4:00 PM", "friday": "8:00 AM - 12:00 PM", "saturday": "Closed", "sunday": "Closed"}'::jsonb, null),
('NADRA Office Satellite Town', 'nadra', 'NADRA', 'Satellite Town, Rawalpindi', 'Rawalpindi', 'Punjab', 33.6007, 73.0679, '051-111-786-100', '{"monday": "8:00 AM - 4:00 PM", "tuesday": "8:00 AM - 4:00 PM", "wednesday": "8:00 AM - 4:00 PM", "thursday": "8:00 AM - 4:00 PM", "friday": "8:00 AM - 12:00 PM", "saturday": "Closed", "sunday": "Closed"}'::jsonb, null),

-- Faisalabad NADRA Offices
('NADRA Office Faisalabad', 'nadra', 'NADRA', 'Susan Road, Faisalabad', 'Faisalabad', 'Punjab', 31.4180, 73.0790, '041-111-786-100', '{"monday": "8:00 AM - 4:00 PM", "tuesday": "8:00 AM - 4:00 PM", "wednesday": "8:00 AM - 4:00 PM", "thursday": "8:00 AM - 4:00 PM", "friday": "8:00 AM - 12:00 PM", "saturday": "Closed", "sunday": "Closed"}'::jsonb, null),

-- Passport Offices
('Passport Office Karachi', 'passport', 'Directorate General of Immigration & Passports', 'Passport Office, Saddar, Karachi', 'Karachi', 'Sindh', 24.8607, 67.0011, '021-111-345-345', '{"monday": "8:00 AM - 2:00 PM", "tuesday": "8:00 AM - 2:00 PM", "wednesday": "8:00 AM - 2:00 PM", "thursday": "8:00 AM - 2:00 PM", "friday": "Closed", "saturday": "Closed", "sunday": "Closed"}'::jsonb, null),
('Passport Office Lahore', 'passport', 'Directorate General of Immigration & Passports', 'Passport Office, Lahore', 'Lahore', 'Punjab', 31.5497, 74.3436, '042-111-345-345', '{"monday": "8:00 AM - 2:00 PM", "tuesday": "8:00 AM - 2:00 PM", "wednesday": "8:00 AM - 2:00 PM", "thursday": "8:00 AM - 2:00 PM", "friday": "Closed", "saturday": "Closed", "sunday": "Closed"}'::jsonb, null),
('Passport Office Islamabad', 'passport', 'Directorate General of Immigration & Passports', 'G-8 Markaz, Islamabad', 'Islamabad', 'Islamabad', 33.6973, 73.0515, '051-111-345-345', '{"monday": "8:00 AM - 2:00 PM", "tuesday": "8:00 AM - 2:00 PM", "wednesday": "8:00 AM - 2:00 PM", "thursday": "8:00 AM - 2:00 PM", "friday": "Closed", "saturday": "Closed", "sunday": "Closed"}'::jsonb, null),
('Passport Office Rawalpindi', 'passport', 'Directorate General of Immigration & Passports', 'Saddar, Rawalpindi', 'Rawalpindi', 'Punjab', 33.5979, 73.0478, '051-111-345-345', '{"monday": "8:00 AM - 2:00 PM", "tuesday": "8:00 AM - 2:00 PM", "wednesday": "8:00 AM - 2:00 PM", "thursday": "8:00 AM - 2:00 PM", "friday": "Closed", "saturday": "Closed", "sunday": "Closed"}'::jsonb, null),
('Passport Office Multan', 'passport', 'Directorate General of Immigration & Passports', 'Nishtar Road, Multan', 'Multan', 'Punjab', 30.1978, 71.4711, '061-111-345-345', '{"monday": "8:00 AM - 2:00 PM", "tuesday": "8:00 AM - 2:00 PM", "wednesday": "8:00 AM - 2:00 PM", "thursday": "8:00 AM - 2:00 PM", "friday": "Closed", "saturday": "Closed", "sunday": "Closed"}'::jsonb, null),
('Passport Office Peshawar', 'passport', 'Directorate General of Immigration & Passports', 'Saddar Road, Peshawar', 'Peshawar', 'Khyber Pakhtunkhwa', 34.0151, 71.5249, '091-111-345-345', '{"monday": "8:00 AM - 2:00 PM", "tuesday": "8:00 AM - 2:00 PM", "wednesday": "8:00 AM - 2:00 PM", "thursday": "8:00 AM - 2:00 PM", "friday": "Closed", "saturday": "Closed", "sunday": "Closed"}'::jsonb, null),
('Passport Office Quetta', 'passport', 'Directorate General of Immigration & Passports', 'Jinnah Road, Quetta', 'Quetta', 'Balochistan', 30.1830, 66.9987, '081-111-345-345', '{"monday": "8:00 AM - 2:00 PM", "tuesday": "8:00 AM - 2:00 PM", "wednesday": "8:00 AM - 2:00 PM", "thursday": "8:00 AM - 2:00 PM", "friday": "Closed", "saturday": "Closed", "sunday": "Closed"}'::jsonb, null);
